<ImportExportXml xmlns:xsi="http://www.w3.org/2001/XMLSchema-instance">
  <Entities>
    <Entity>
      <Name LocalizedName="Account" OriginalName="">Account</Name>
      <EntityInfo>
        <entity Name="Account" unmodified="1">
          <attributes />
        </entity>
      </EntityInfo>
      <RibbonDiffXml>
        <CustomActions>
          <CustomAction Id="sav.account.Copy.Button.CustomAction" Location="Mscrm.Form.account.MainTab.Save.Controls._children" Sequence="53">
            <CommandUIDefinition>
              <Button Command="sav.account.copy.Command" Id="sav.account.Copy.Button" Image16by16="$webresource:sav_/ws/copy.png" LabelText="$LocLabels:sav.account.Copy.Button.LabelText" Sequence="53" TemplateAlias="o1" ToolTipDescription="$LocLabels:sav.account.Copy.Button.ToolTipDescription" />
            </CommandUIDefinition>
          </CustomAction>
        </CustomActions>
        <Templates>
          <RibbonTemplates Id="Mscrm.Templates"></RibbonTemplates>
        </Templates>
        <CommandDefinitions>
          <CommandDefinition Id="sav.account.copy.Command">
            <EnableRules />
            <DisplayRules />
            <Actions>
              <JavaScriptFunction FunctionName="CloneRecord" Library="$webresource:sav_/script/cloneRecord.js" />
            </Actions>
          </CommandDefinition>
        </CommandDefinitions>
        <RuleDefinitions>
          <TabDisplayRules />
          <DisplayRules />
          <EnableRules />
        </RuleDefinitions>
        <LocLabels>
          <LocLabel Id="sav.account.Copy.Button.LabelText">
            <Titles>
              <Title description="Clone" languagecode="1033" />
            </Titles>
          </LocLabel>
          <LocLabel Id="sav.account.Copy.Button.ToolTipDescription">
            <Titles>
              <Title description="Clone this record" languagecode="1033" />
            </Titles>
          </LocLabel>
        </LocLabels>
      </RibbonDiffXml>
    </Entity>
  </Entities>
  <Roles></Roles>
  <Workflows>
    <Workflow WorkflowId="{dc949021-bc2d-4747-8bae-3e35031acb59}" Name="CloneAction">
      <XamlFileName>/Workflows/CloneAction-DC949021-BC2D-4747-8BAE-3E35031ACB59.xaml</XamlFileName>
      <Type>1</Type>
      <Subprocess>0</Subprocess>
      <Category>3</Category>
      <Mode>0</Mode>
      <Scope>4</Scope>
      <OnDemand>0</OnDemand>
      <TriggerOnCreate>0</TriggerOnCreate>
      <TriggerOnDelete>0</TriggerOnDelete>
      <AsyncAutodelete>0</AsyncAutodelete>
      <SyncWorkflowLogOnFailure>1</SyncWorkflowLogOnFailure>
      <StateCode>1</StateCode>
      <StatusCode>2</StatusCode>
      <CreateStage>40</CreateStage>
      <RunAs>1</RunAs>
      <SdkMessageId>{ad0c7563-50de-e711-a952-000d3a1087a0}</SdkMessageId>
      <UniqueName>CloneAction</UniqueName>
      <IsTransacted>1</IsTransacted>
      <IntroducedVersion>1.0.0.0</IntroducedVersion>
      <IsCustomizable>1</IsCustomizable>
      <FormId>{00000000-0000-0000-0000-000000000000}</FormId>
      <PrimaryEntity>none</PrimaryEntity>
      <LocalizedNames>
        <LocalizedName languagecode="1033" description="CloneAction" />
      </LocalizedNames>
    </Workflow>
  </Workflows>
  <FieldSecurityProfiles></FieldSecurityProfiles>
  <Templates />
  <RibbonDiffXml>
    <CustomActions>
      <CustomAction Id="sav.account.copy.Button.CustomAction" Location="Mscrm.Form.account.MainTab.Save.Controls._children" Sequence="53">
        <CommandUIDefinition>
          <Button Command="sav.account.copy.Command" Id="sav.account.copy.Button" Image16by16="$webresource:sav_/ws/copy.png" LabelText="$LocLabels:sav.account.copy.Button.LabelText" Sequence="53" TemplateAlias="o1" ToolTipDescription="$LocLabels:sav.account.copy.Button.ToolTipDescription" />
        </CommandUIDefinition>
      </CustomAction>
    </CustomActions>
    <Templates>
      <RibbonTemplates Id="Mscrm.Templates"></RibbonTemplates>
    </Templates>
    <CommandDefinitions>
      <CommandDefinition Id="sav.account.copy.Command">
        <EnableRules />
        <DisplayRules>
          <DisplayRule Id="sav.account.DisplayRule0.DisplayRule" />
        </DisplayRules>
        <Actions>
          <JavaScriptFunction FunctionName="CloneRecord" Library="$webresource:sav_/script/cloneRecord.js" />
        </Actions>
      </CommandDefinition>
    </CommandDefinitions>
    <RuleDefinitions>
      <TabDisplayRules />
      <DisplayRules>
        <DisplayRule Id="sav.account.DisplayRule0.DisplayRule">
          <FormStateRule State="Existing" />
        </DisplayRule>
      </DisplayRules>
      <EnableRules />
    </RuleDefinitions>
    <LocLabels>
      <LocLabel Id="sav.account.copy.Button.LabelText">
        <Titles>
          <Title description="Clone Record" languagecode="1033" />
        </Titles>
      </LocLabel>
      <LocLabel Id="sav.account.copy.Button.ToolTipDescription">
        <Titles>
          <Title description="Clone this record" languagecode="1033" />
        </Titles>
      </LocLabel>
    </LocLabels>
  </RibbonDiffXml>
  <EntityMaps />
  <EntityRelationships />
  <OrganizationSettings />
  <optionsets />
  <WebResources>
    <WebResource>
      <WebResourceId>{7c0566e7-b3d8-e711-a950-000d3a1087a0}</WebResourceId>
      <Name>sav_/ws/Loading.html</Name>
      <DisplayName>/ws/Loading.html</DisplayName>
      <WebResourceType>1</WebResourceType>
      <IntroducedVersion>1.0.0.0</IntroducedVersion>
      <IsEnabledForMobileClient>0</IsEnabledForMobileClient>
      <IsAvailableForMobileOffline>0</IsAvailableForMobileOffline>
      <DependencyXml>&lt;Dependencies&gt;&lt;Dependency componentType="WebResource"/&gt;&lt;/Dependencies&gt;</DependencyXml>
      <IsCustomizable>1</IsCustomizable>
      <CanBeDeleted>1</CanBeDeleted>
      <IsHidden>0</IsHidden>
      <FileName>/WebResources/sav_wsLoadinghtml7C0566E7-B3D8-E711-A950-000D3A1087A0</FileName>
    </WebResource>
    <WebResource>
      <WebResourceId>{8a06e4bd-e6df-e711-a953-000d3a1087a0}</WebResourceId>
      <Name>sav_/script/cloneRecord.js</Name>
      <DisplayName>/script/cloneRecord.js</DisplayName>
      <WebResourceType>3</WebResourceType>
      <IntroducedVersion>1.0.0.0</IntroducedVersion>
      <IsEnabledForMobileClient>0</IsEnabledForMobileClient>
      <IsAvailableForMobileOffline>0</IsAvailableForMobileOffline>
      <DependencyXml>&lt;Dependencies&gt;&lt;Dependency componentType="WebResource"/&gt;&lt;/Dependencies&gt;</DependencyXml>
      <IsCustomizable>1</IsCustomizable>
      <CanBeDeleted>1</CanBeDeleted>
      <IsHidden>0</IsHidden>
      <FileName>/WebResources/sav_scriptcloneRecordjs8A06E4BD-E6DF-E711-A953-000D3A1087A0</FileName>
    </WebResource>
    <WebResource>
      <WebResourceId>{04b70473-e7df-e711-a953-000d3a1087a0}</WebResourceId>
      <Name>sav_/ws/copy.png</Name>
      <DisplayName>/ws/copy.png</DisplayName>
      <WebResourceType>5</WebResourceType>
      <IntroducedVersion>1.0.0.0</IntroducedVersion>
      <IsEnabledForMobileClient>0</IsEnabledForMobileClient>
      <IsAvailableForMobileOffline>0</IsAvailableForMobileOffline>
      <DependencyXml>&lt;Dependencies&gt;&lt;Dependency componentType="WebResource"/&gt;&lt;/Dependencies&gt;</DependencyXml>
      <IsCustomizable>1</IsCustomizable>
      <CanBeDeleted>1</CanBeDeleted>
      <IsHidden>0</IsHidden>
      <FileName>/WebResources/sav_wscopypng04B70473-E7DF-E711-A953-000D3A1087A0</FileName>
    </WebResource>
  </WebResources>
  <SolutionPluginAssemblies>
    <PluginAssembly FullName="CloneRecords, Version=1.0.0.0, Culture=neutral, PublicKeyToken=434055dd3c0d0332" PluginAssemblyId="5063593a-d881-4128-8759-fba6613b348c" CustomizationLevel="1">
      <IsolationMode>2</IsolationMode>
      <SourceType>0</SourceType>
      <IntroducedVersion>1.0</IntroducedVersion>
      <FileName>/PluginAssemblies/CloneRecords-5063593A-D881-4128-8759-FBA6613B348C/CloneRecords.dll</FileName>
      <PluginTypes>
        <PluginType AssemblyQualifiedName="CloneRecords.CloneRecord, CloneRecords, Version=1.0.0.0, Culture=neutral, PublicKeyToken=434055dd3c0d0332" PluginTypeId="32511442-489a-4a6d-89ec-c23d71fc677c" Name="CloneRecords.CloneRecord">
          <FriendlyName>7adf1a8a-c01e-439d-8eb0-9762c9695d95</FriendlyName>
          <WorkflowActivityGroupName>CloneRecords (1.0.0.0)</WorkflowActivityGroupName>
        </PluginType>
      </PluginTypes>
    </PluginAssembly>
  </SolutionPluginAssemblies>
  <EntityDataProviders />
  <Languages>
    <Language>1033</Language>
  </Languages>
</ImportExportXml>