<ImportExportXml version="9.0.0000.2180" SolutionPackageVersion="9.0" languagecode="1033" generatedBy="CrmLive" xmlns:xsi="http://www.w3.org/2001/XMLSchema-instance">
  <SolutionManifest>
    <UniqueName>Approvalconfiguration</UniqueName>
    <LocalizedNames>
      <LocalizedName description="Approval configuration" languagecode="1033" />
    </LocalizedNames>
    <Descriptions />
    <Version>1.0.0.0</Version>
    <Managed>1</Managed>
    <Publisher>
      <UniqueName>savnats</UniqueName>
      <LocalizedNames>
        <LocalizedName description="Savnats" languagecode="1033" />
      </LocalizedNames>
      <Descriptions />
      <EMailAddress xsi:nil="true"></EMailAddress>
      <SupportingWebsiteUrl xsi:nil="true"></SupportingWebsiteUrl>
      <CustomizationPrefix>sav</CustomizationPrefix>
      <CustomizationOptionValuePrefix>80412</CustomizationOptionValuePrefix>
      <Addresses>
        <Address>
          <AddressNumber>1</AddressNumber>
          <AddressTypeCode>1</AddressTypeCode>
          <City xsi:nil="true"></City>
          <County xsi:nil="true"></County>
          <Country xsi:nil="true"></Country>
          <Fax xsi:nil="true"></Fax>
          <FreightTermsCode xsi:nil="true"></FreightTermsCode>
          <ImportSequenceNumber xsi:nil="true"></ImportSequenceNumber>
          <Latitude xsi:nil="true"></Latitude>
          <Line1 xsi:nil="true"></Line1>
          <Line2 xsi:nil="true"></Line2>
          <Line3 xsi:nil="true"></Line3>
          <Longitude xsi:nil="true"></Longitude>
          <Name xsi:nil="true"></Name>
          <PostalCode xsi:nil="true"></PostalCode>
          <PostOfficeBox xsi:nil="true"></PostOfficeBox>
          <PrimaryContactName xsi:nil="true"></PrimaryContactName>
          <ShippingMethodCode>1</ShippingMethodCode>
          <StateOrProvince xsi:nil="true"></StateOrProvince>
          <Telephone1 xsi:nil="true"></Telephone1>
          <Telephone2 xsi:nil="true"></Telephone2>
          <Telephone3 xsi:nil="true"></Telephone3>
          <TimeZoneRuleVersionNumber xsi:nil="true"></TimeZoneRuleVersionNumber>
          <UPSZone xsi:nil="true"></UPSZone>
          <UTCOffset xsi:nil="true"></UTCOffset>
          <UTCConversionTimeZoneCode xsi:nil="true"></UTCConversionTimeZoneCode>
        </Address>
        <Address>
          <AddressNumber>2</AddressNumber>
          <AddressTypeCode>1</AddressTypeCode>
          <City xsi:nil="true"></City>
          <County xsi:nil="true"></County>
          <Country xsi:nil="true"></Country>
          <Fax xsi:nil="true"></Fax>
          <FreightTermsCode xsi:nil="true"></FreightTermsCode>
          <ImportSequenceNumber xsi:nil="true"></ImportSequenceNumber>
          <Latitude xsi:nil="true"></Latitude>
          <Line1 xsi:nil="true"></Line1>
          <Line2 xsi:nil="true"></Line2>
          <Line3 xsi:nil="true"></Line3>
          <Longitude xsi:nil="true"></Longitude>
          <Name xsi:nil="true"></Name>
          <PostalCode xsi:nil="true"></PostalCode>
          <PostOfficeBox xsi:nil="true"></PostOfficeBox>
          <PrimaryContactName xsi:nil="true"></PrimaryContactName>
          <ShippingMethodCode>1</ShippingMethodCode>
          <StateOrProvince xsi:nil="true"></StateOrProvince>
          <Telephone1 xsi:nil="true"></Telephone1>
          <Telephone2 xsi:nil="true"></Telephone2>
          <Telephone3 xsi:nil="true"></Telephone3>
          <TimeZoneRuleVersionNumber xsi:nil="true"></TimeZoneRuleVersionNumber>
          <UPSZone xsi:nil="true"></UPSZone>
          <UTCOffset xsi:nil="true"></UTCOffset>
          <UTCConversionTimeZoneCode xsi:nil="true"></UTCConversionTimeZoneCode>
        </Address>
      </Addresses>
    </Publisher>
    <RootComponents>
      <RootComponent type="1" schemaName="incident" behavior="1" />
      <RootComponent type="1" schemaName="sav_workflowtemplate" behavior="0" />
      <RootComponent type="1" schemaName="sav_workflowtemplatesteps" behavior="0" />
      <RootComponent type="1" schemaName="sav_workflowtemplatetransit" behavior="0" />
      <RootComponent type="1" schemaName="sav_workflowtemplatetransithistory" behavior="0" />
      <RootComponent type="9" schemaName="sav_workflowapprovalstatus" behavior="0" />
      <RootComponent type="20" id="{e2f5b60d-e0d4-e711-a951-000d3a109495}" behavior="0" />
      <RootComponent type="20" id="{f064a7df-dfd4-e711-a951-000d3a109495}" behavior="0" />
      <RootComponent type="29" id="{5482489d-a9d7-42c5-af8a-31617e951cdc}" behavior="0" />
      <RootComponent type="29" id="{59251ca9-881c-478e-b59f-e8c5e700ca07}" behavior="0" />
      <RootComponent type="29" id="{b3ea5789-4dc3-4bf7-9c7b-e66f6b1d8c6b}" behavior="0" />
      <RootComponent type="29" id="{ecb8e16e-161f-42b3-9f60-77f4698c7fa0}" behavior="0" />
      <RootComponent type="50" schemaName=":RibbonDiffXml" behavior="0" />
      <RootComponent type="60" id="{04e27e69-a68e-42ab-89d0-b4ca384864dc}" behavior="0" />
      <RootComponent type="60" id="{4a63c8d1-6c1e-48ec-9db4-3e6c7155334c}" />
      <RootComponent type="60" id="{8e74b89c-31a9-459e-a819-920d665b0a9c}" behavior="0" />
      <RootComponent type="60" id="{9ba6b73a-540b-40ae-95bd-dc92b2816e86}" behavior="0" />
      <RootComponent type="61" schemaName="sav_/script/Case.js" behavior="0" />
      <RootComponent type="61" schemaName="sav_/ws/approve.png" behavior="0" />
      <RootComponent type="61" schemaName="sav_/ws/Loading.html" behavior="0" />
      <RootComponent type="61" schemaName="sav_/ws/reject.png" behavior="0" />
      <RootComponent type="91" id="{a53aa198-9d94-473d-b8fa-8c90c719df10}" schemaName="Approvalconfigurationcore, Version=1.0.0.0, Culture=neutral, PublicKeyToken=b3f7c58a264dd7a1" behavior="0" />
    </RootComponents>
    <MissingDependencies>
      <MissingDependency>
        <Required key="0" type="1" schemaName="incident" displayName="Case" solution="msdynce_Service (9.0.2.18)" />
        <Dependent key="0" type="1" schemaName="incident" displayName="Case" />
      </MissingDependency>
      <MissingDependency>
        <Required key="1" type="1" schemaName="knowledgearticleincident" displayName="Knowledge Article Incident" solution="msdynce_Service (9.0.2.18)" />
        <Dependent key="2" type="60" displayName="Case" parentDisplayName="Case" id="{4a63c8d1-6c1e-48ec-9db4-3e6c7155334c}" />
      </MissingDependency>
      <MissingDependency>
        <Required key="3" type="1" schemaName="contract" displayName="Contract" solution="msdynce_Service (9.0.2.18)" />
        <Dependent key="2" type="60" displayName="Case" parentDisplayName="Case" id="{4a63c8d1-6c1e-48ec-9db4-3e6c7155334c}" />
      </MissingDependency>
      <MissingDependency>
        <Required key="4" type="2" schemaName="contractid" displayName="Contract" parentSchemaName="incident" parentDisplayName="Case" solution="msdynce_Service (9.0.2.18)" />
        <Dependent key="2" type="60" displayName="Case" parentDisplayName="Case" id="{4a63c8d1-6c1e-48ec-9db4-3e6c7155334c}" />
      </MissingDependency>
      <MissingDependency>
        <Required key="5" type="2" schemaName="caseorigincode" displayName="Origin" parentSchemaName="incident" parentDisplayName="Case" solution="msdynce_Service (9.0.2.18)" />
        <Dependent key="2" type="60" displayName="Case" parentDisplayName="Case" id="{4a63c8d1-6c1e-48ec-9db4-3e6c7155334c}" />
      </MissingDependency>
      <MissingDependency>
        <Required key="6" type="2" schemaName="customerid" displayName="Customer" parentSchemaName="incident" parentDisplayName="Case" solution="msdynce_Service (9.0.2.18)" />
        <Dependent key="2" type="60" displayName="Case" parentDisplayName="Case" id="{4a63c8d1-6c1e-48ec-9db4-3e6c7155334c}" />
      </MissingDependency>
      <MissingDependency>
        <Required key="7" type="2" schemaName="kbarticleid" displayName="Knowledge Base Article" parentSchemaName="incident" parentDisplayName="Case" solution="msdynce_Service (9.0.2.18)" />
        <Dependent key="2" type="60" displayName="Case" parentDisplayName="Case" id="{4a63c8d1-6c1e-48ec-9db4-3e6c7155334c}" />
      </MissingDependency>
      <MissingDependency>
        <Required key="8" type="2" schemaName="firstresponsesent" displayName="First Response Sent" parentSchemaName="incident" parentDisplayName="Case" solution="msdynce_Service (9.0.2.18)" />
        <Dependent key="2" type="60" displayName="Case" parentDisplayName="Case" id="{4a63c8d1-6c1e-48ec-9db4-3e6c7155334c}" />
      </MissingDependency>
      <MissingDependency>
        <Required key="9" type="2" schemaName="title" displayName="Case Title" parentSchemaName="incident" parentDisplayName="Case" solution="msdynce_Service (9.0.2.18)" />
        <Dependent key="2" type="60" displayName="Case" parentDisplayName="Case" id="{4a63c8d1-6c1e-48ec-9db4-3e6c7155334c}" />
      </MissingDependency>
      <MissingDependency>
        <Required key="10" type="2" schemaName="subjectid" displayName="Subject" parentSchemaName="incident" parentDisplayName="Case" solution="msdynce_Service (9.0.2.18)" />
        <Dependent key="2" type="60" displayName="Case" parentDisplayName="Case" id="{4a63c8d1-6c1e-48ec-9db4-3e6c7155334c}" />
      </MissingDependency>
      <MissingDependency>
        <Required key="11" type="2" schemaName="primarycontactid" displayName="Contact" parentSchemaName="incident" parentDisplayName="Case" solution="msdynce_Service (9.0.2.18)" />
        <Dependent key="2" type="60" displayName="Case" parentDisplayName="Case" id="{4a63c8d1-6c1e-48ec-9db4-3e6c7155334c}" />
      </MissingDependency>
      <MissingDependency>
        <Required key="12" type="2" schemaName="followupby" displayName="Follow Up By" parentSchemaName="incident" parentDisplayName="Case" solution="msdynce_Service (9.0.2.18)" />
        <Dependent key="2" type="60" displayName="Case" parentDisplayName="Case" id="{4a63c8d1-6c1e-48ec-9db4-3e6c7155334c}" />
      </MissingDependency>
      <MissingDependency>
        <Required key="13" type="2" schemaName="adx_stepstoreproduce" displayName="Steps to Reproduce" parentSchemaName="incident" parentDisplayName="Case" solution="CustomerService (8.1.0006)" />
        <Dependent key="2" type="60" displayName="Case" parentDisplayName="Case" id="{4a63c8d1-6c1e-48ec-9db4-3e6c7155334c}" />
      </MissingDependency>
      <MissingDependency>
        <Required key="14" type="2" schemaName="socialprofileid" displayName="Social Profile" parentSchemaName="incident" parentDisplayName="Case" solution="msdynce_Service (9.0.2.18)" />
        <Dependent key="2" type="60" displayName="Case" parentDisplayName="Case" id="{4a63c8d1-6c1e-48ec-9db4-3e6c7155334c}" />
      </MissingDependency>
      <MissingDependency>
        <Required key="15" type="2" schemaName="incidentid" displayName="Case" parentSchemaName="incident" parentDisplayName="Case" solution="msdynce_Service (9.0.2.18)" />
        <Dependent key="16" type="10" schemaName="sav_incident_sav_workflowtemplatetransithistory_case" displayName="sav_incident_sav_workflowtemplatetransithistory_case" parentSchemaName="sav_workflowtemplatetransithistory" parentDisplayName="Workflow Template Transit History" />
      </MissingDependency>
      <MissingDependency>
        <Required key="15" type="2" schemaName="incidentid" displayName="Case" parentSchemaName="incident" parentDisplayName="Case" solution="msdynce_Service (9.0.2.18)" />
        <Dependent key="17" type="29" displayName="Reject Workflow" id="{b3ea5789-4dc3-4bf7-9c7b-e66f6b1d8c6b}" />
      </MissingDependency>
      <MissingDependency>
        <Required key="9" type="2" schemaName="title" displayName="Case Title" parentSchemaName="incident" parentDisplayName="Case" solution="msdynce_Service (9.0.2.18)" />
        <Dependent key="17" type="29" displayName="Reject Workflow" id="{b3ea5789-4dc3-4bf7-9c7b-e66f6b1d8c6b}" />
      </MissingDependency>
      <MissingDependency>
        <Required key="18" type="2" schemaName="statuscode" displayName="Status Reason" parentSchemaName="incident" parentDisplayName="Case" solution="msdynce_Service (9.0.2.18)" />
        <Dependent key="2" type="60" displayName="Case" parentDisplayName="Case" id="{4a63c8d1-6c1e-48ec-9db4-3e6c7155334c}" />
      </MissingDependency>
      <MissingDependency>
        <Required key="19" type="2" schemaName="resolveby" displayName="Resolve By" parentSchemaName="incident" parentDisplayName="Case" solution="msdynce_Service (9.0.2.18)" />
        <Dependent key="2" type="60" displayName="Case" parentDisplayName="Case" id="{4a63c8d1-6c1e-48ec-9db4-3e6c7155334c}" />
      </MissingDependency>
      <MissingDependency>
        <Required key="20" type="2" schemaName="slaid" displayName="SLA" parentSchemaName="incident" parentDisplayName="Case" solution="msdynce_Service (9.0.2.18)" />
        <Dependent key="2" type="60" displayName="Case" parentDisplayName="Case" id="{4a63c8d1-6c1e-48ec-9db4-3e6c7155334c}" />
      </MissingDependency>
      <MissingDependency>
        <Required key="21" type="2" schemaName="prioritycode" displayName="Priority" parentSchemaName="incident" parentDisplayName="Case" solution="msdynce_Service (9.0.2.18)" />
        <Dependent key="2" type="60" displayName="Case" parentDisplayName="Case" id="{4a63c8d1-6c1e-48ec-9db4-3e6c7155334c}" />
      </MissingDependency>
      <MissingDependency>
        <Required key="22" type="2" schemaName="productserialnumber" displayName="Serial Number" parentSchemaName="incident" parentDisplayName="Case" solution="msdynce_Service (9.0.2.18)" />
        <Dependent key="2" type="60" displayName="Case" parentDisplayName="Case" id="{4a63c8d1-6c1e-48ec-9db4-3e6c7155334c}" />
      </MissingDependency>
      <MissingDependency>
        <Required key="23" type="2" schemaName="createdon" displayName="Created On" parentSchemaName="incident" parentDisplayName="Case" solution="msdynce_Service (9.0.2.18)" />
        <Dependent key="2" type="60" displayName="Case" parentDisplayName="Case" id="{4a63c8d1-6c1e-48ec-9db4-3e6c7155334c}" />
      </MissingDependency>
      <MissingDependency>
        <Required key="24" type="2" schemaName="messagetypecode" displayName="Received As" parentSchemaName="incident" parentDisplayName="Case" solution="msdynce_Service (9.0.2.18)" />
        <Dependent key="2" type="60" displayName="Case" parentDisplayName="Case" id="{4a63c8d1-6c1e-48ec-9db4-3e6c7155334c}" />
      </MissingDependency>
      <MissingDependency>
        <Required key="25" type="2" schemaName="isescalated" displayName="Is Escalated" parentSchemaName="incident" parentDisplayName="Case" solution="msdynce_Service (9.0.2.18)" />
        <Dependent key="2" type="60" displayName="Case" parentDisplayName="Case" id="{4a63c8d1-6c1e-48ec-9db4-3e6c7155334c}" />
      </MissingDependency>
      <MissingDependency>
        <Required key="26" type="2" schemaName="contractdetailid" displayName="Contract Line" parentSchemaName="incident" parentDisplayName="Case" solution="msdynce_Service (9.0.2.18)" />
        <Dependent key="2" type="60" displayName="Case" parentDisplayName="Case" id="{4a63c8d1-6c1e-48ec-9db4-3e6c7155334c}" />
      </MissingDependency>
      <MissingDependency>
        <Required key="27" type="2" schemaName="firstresponsebykpiid" displayName="First Response By KPI" parentSchemaName="incident" parentDisplayName="Case" solution="msdynce_Service (9.0.2.18)" />
        <Dependent key="2" type="60" displayName="Case" parentDisplayName="Case" id="{4a63c8d1-6c1e-48ec-9db4-3e6c7155334c}" />
      </MissingDependency>
      <MissingDependency>
        <Required key="28" type="2" schemaName="parentcaseid" displayName="Parent Case" parentSchemaName="incident" parentDisplayName="Case" solution="msdynce_Service (9.0.2.18)" />
        <Dependent key="2" type="60" displayName="Case" parentDisplayName="Case" id="{4a63c8d1-6c1e-48ec-9db4-3e6c7155334c}" />
      </MissingDependency>
      <MissingDependency>
        <Required key="29" type="2" schemaName="resolvebykpiid" displayName="Resolve By KPI" parentSchemaName="incident" parentDisplayName="Case" solution="msdynce_Service (9.0.2.18)" />
        <Dependent key="2" type="60" displayName="Case" parentDisplayName="Case" id="{4a63c8d1-6c1e-48ec-9db4-3e6c7155334c}" />
      </MissingDependency>
      <MissingDependency>
        <Required key="30" type="2" schemaName="adx_resolutiondate" displayName="Resolution Date" parentSchemaName="incident" parentDisplayName="Case" solution="CustomerService (8.1.0006)" />
        <Dependent key="2" type="60" displayName="Case" parentDisplayName="Case" id="{4a63c8d1-6c1e-48ec-9db4-3e6c7155334c}" />
      </MissingDependency>
      <MissingDependency>
        <Required key="31" type="2" schemaName="entitlementid" displayName="Entitlement" parentSchemaName="incident" parentDisplayName="Case" solution="msdynce_Service (9.0.2.18)" />
        <Dependent key="2" type="60" displayName="Case" parentDisplayName="Case" id="{4a63c8d1-6c1e-48ec-9db4-3e6c7155334c}" />
      </MissingDependency>
      <MissingDependency>
        <Required key="32" type="2" schemaName="adx_publishtoweb" displayName="Publish to Web" parentSchemaName="incident" parentDisplayName="Case" solution="CustomerService (8.1.0006)" />
        <Dependent key="2" type="60" displayName="Case" parentDisplayName="Case" id="{4a63c8d1-6c1e-48ec-9db4-3e6c7155334c}" />
      </MissingDependency>
      <MissingDependency>
        <Required key="33" type="2" schemaName="msdyn_incidenttype" displayName="Incident Type" parentSchemaName="incident" parentDisplayName="Case" solution="FieldService (7.1.0.33)" />
        <Dependent key="2" type="60" displayName="Case" parentDisplayName="Case" id="{4a63c8d1-6c1e-48ec-9db4-3e6c7155334c}" />
      </MissingDependency>
      <MissingDependency>
        <Required key="34" type="2" schemaName="sentimentvalue" displayName="Sentiment Value" parentSchemaName="incident" parentDisplayName="Case" solution="msdynce_Service (9.0.2.18)" />
        <Dependent key="2" type="60" displayName="Case" parentDisplayName="Case" id="{4a63c8d1-6c1e-48ec-9db4-3e6c7155334c}" />
      </MissingDependency>
      <MissingDependency>
        <Required key="35" type="2" schemaName="casetypecode" displayName="Case Type" parentSchemaName="incident" parentDisplayName="Case" solution="msdynce_Service (9.0.2.18)" />
        <Dependent key="2" type="60" displayName="Case" parentDisplayName="Case" id="{4a63c8d1-6c1e-48ec-9db4-3e6c7155334c}" />
      </MissingDependency>
      <MissingDependency>
        <Required key="36" type="2" schemaName="escalatedon" displayName="Escalated On" parentSchemaName="incident" parentDisplayName="Case" solution="msdynce_Service (9.0.2.18)" />
        <Dependent key="2" type="60" displayName="Case" parentDisplayName="Case" id="{4a63c8d1-6c1e-48ec-9db4-3e6c7155334c}" />
      </MissingDependency>
      <MissingDependency>
        <Required key="37" type="2" schemaName="ticketnumber" displayName="Case Number" parentSchemaName="incident" parentDisplayName="Case" solution="msdynce_Service (9.0.2.18)" />
        <Dependent key="2" type="60" displayName="Case" parentDisplayName="Case" id="{4a63c8d1-6c1e-48ec-9db4-3e6c7155334c}" />
      </MissingDependency>
      <MissingDependency>
        <Required key="38" type="2" schemaName="blockedprofile" displayName="Blocked Profile" parentSchemaName="incident" parentDisplayName="Case" solution="msdynce_Service (9.0.2.18)" />
        <Dependent key="2" type="60" displayName="Case" parentDisplayName="Case" id="{4a63c8d1-6c1e-48ec-9db4-3e6c7155334c}" />
      </MissingDependency>
      <MissingDependency>
        <Required key="39" type="2" schemaName="contractservicelevelcode" displayName="Service Level" parentSchemaName="incident" parentDisplayName="Case" solution="msdynce_Service (9.0.2.18)" />
        <Dependent key="2" type="60" displayName="Case" parentDisplayName="Case" id="{4a63c8d1-6c1e-48ec-9db4-3e6c7155334c}" />
      </MissingDependency>
      <MissingDependency>
        <Required key="40" type="2" schemaName="responseby" displayName="First Response By" parentSchemaName="incident" parentDisplayName="Case" solution="msdynce_Service (9.0.2.18)" />
        <Dependent key="2" type="60" displayName="Case" parentDisplayName="Case" id="{4a63c8d1-6c1e-48ec-9db4-3e6c7155334c}" />
      </MissingDependency>
      <MissingDependency>
        <Required key="41" type="2" schemaName="description" displayName="Description" parentSchemaName="incident" parentDisplayName="Case" solution="msdynce_Service (9.0.2.18)" />
        <Dependent key="2" type="60" displayName="Case" parentDisplayName="Case" id="{4a63c8d1-6c1e-48ec-9db4-3e6c7155334c}" />
      </MissingDependency>
      <MissingDependency>
        <Required key="42" type="2" schemaName="productid" displayName="Product" parentSchemaName="incident" parentDisplayName="Case" solution="msdynce_Service (9.0.2.18)" />
        <Dependent key="2" type="60" displayName="Case" parentDisplayName="Case" id="{4a63c8d1-6c1e-48ec-9db4-3e6c7155334c}" />
      </MissingDependency>
      <MissingDependency>
        <Required key="43" type="2" schemaName="influencescore" displayName="Influence Score" parentSchemaName="incident" parentDisplayName="Case" solution="msdynce_Service (9.0.2.18)" />
        <Dependent key="2" type="60" displayName="Case" parentDisplayName="Case" id="{4a63c8d1-6c1e-48ec-9db4-3e6c7155334c}" />
      </MissingDependency>
      <MissingDependency>
        <Required key="44" type="2" schemaName="adx_resolution" displayName="Resolution" parentSchemaName="incident" parentDisplayName="Case" solution="CustomerService (8.1.0006)" />
        <Dependent key="2" type="60" displayName="Case" parentDisplayName="Case" id="{4a63c8d1-6c1e-48ec-9db4-3e6c7155334c}" />
      </MissingDependency>
      <MissingDependency>
        <Required key="45" type="2" schemaName="ownerid" displayName="Owner" parentSchemaName="incident" parentDisplayName="Case" solution="msdynce_Service (9.0.2.18)" />
        <Dependent key="2" type="60" displayName="Case" parentDisplayName="Case" id="{4a63c8d1-6c1e-48ec-9db4-3e6c7155334c}" />
      </MissingDependency>
      <MissingDependency>
        <Required key="37" type="2" schemaName="ticketnumber" displayName="Case Number" parentSchemaName="incident" parentDisplayName="Case" solution="msdynce_Service (9.0.2.18)" />
        <Dependent key="46" type="29" displayName="Set next workflow step" id="{59251ca9-881c-478e-b59f-e8c5e700ca07}" />
      </MissingDependency>
      <MissingDependency>
        <Required key="9" type="2" schemaName="title" displayName="Case Title" parentSchemaName="incident" parentDisplayName="Case" solution="msdynce_Service (9.0.2.18)" />
        <Dependent key="16" type="10" schemaName="sav_incident_sav_workflowtemplatetransithistory_case" displayName="sav_incident_sav_workflowtemplatetransithistory_case" parentSchemaName="sav_workflowtemplatetransithistory" parentDisplayName="Workflow Template Transit History" />
      </MissingDependency>
      <MissingDependency>
        <Required key="9" type="2" schemaName="title" displayName="Case Title" parentSchemaName="incident" parentDisplayName="Case" solution="msdynce_Service (9.0.2.18)" />
        <Dependent key="47" type="29" displayName="Approve workflow" id="{5482489d-a9d7-42c5-af8a-31617e951cdc}" />
      </MissingDependency>
      <MissingDependency>
        <Required key="15" type="2" schemaName="incidentid" displayName="Case" parentSchemaName="incident" parentDisplayName="Case" solution="msdynce_Service (9.0.2.18)" />
        <Dependent key="47" type="29" displayName="Approve workflow" id="{5482489d-a9d7-42c5-af8a-31617e951cdc}" />
      </MissingDependency>
      <MissingDependency>
        <Required key="15" type="2" schemaName="incidentid" displayName="Case" parentSchemaName="incident" parentDisplayName="Case" solution="msdynce_Service (9.0.2.18)" />
        <Dependent key="46" type="29" displayName="Set next workflow step" id="{59251ca9-881c-478e-b59f-e8c5e700ca07}" />
      </MissingDependency>
      <MissingDependency>
        <Required key="9" type="2" schemaName="title" displayName="Case Title" parentSchemaName="incident" parentDisplayName="Case" solution="msdynce_Service (9.0.2.18)" />
        <Dependent key="46" type="29" displayName="Set next workflow step" id="{59251ca9-881c-478e-b59f-e8c5e700ca07}" />
      </MissingDependency>
      <MissingDependency>
        <Required key="9" type="2" schemaName="title" displayName="Case Title" parentSchemaName="incident" parentDisplayName="Case" solution="msdynce_Service (9.0.2.18)" />
        <Dependent key="48" type="29" displayName="Set first workflow step" id="{ecb8e16e-161f-42b3-9f60-77f4698c7fa0}" />
      </MissingDependency>
      <MissingDependency>
        <Required key="37" type="2" schemaName="ticketnumber" displayName="Case Number" parentSchemaName="incident" parentDisplayName="Case" solution="msdynce_Service (9.0.2.18)" />
        <Dependent key="48" type="29" displayName="Set first workflow step" id="{ecb8e16e-161f-42b3-9f60-77f4698c7fa0}" />
      </MissingDependency>
      <MissingDependency>
        <Required key="15" type="2" schemaName="incidentid" displayName="Case" parentSchemaName="incident" parentDisplayName="Case" solution="msdynce_Service (9.0.2.18)" />
        <Dependent key="48" type="29" displayName="Set first workflow step" id="{ecb8e16e-161f-42b3-9f60-77f4698c7fa0}" />
      </MissingDependency>
      <MissingDependency>
        <Required key="49" type="10" schemaName="msdyn_msdyn_incidenttype_incident_IncidentType" displayName="msdyn_msdyn_incidenttype_incident_IncidentType" parentSchemaName="incident" parentDisplayName="Case" solution="FieldService (7.1.0.33)" />
        <Dependent key="2" type="60" displayName="Case" parentDisplayName="Case" id="{4a63c8d1-6c1e-48ec-9db4-3e6c7155334c}" />
      </MissingDependency>
      <MissingDependency>
        <Required key="50" type="10" schemaName="msdyn_incident_msdyn_workorder_ServiceRequest" displayName="msdyn_incident_msdyn_workorder_ServiceRequest" parentSchemaName="msdyn_workorder" parentDisplayName="Work Order" solution="FieldService (7.1.0.33)" />
        <Dependent key="2" type="60" displayName="Case" parentDisplayName="Case" id="{4a63c8d1-6c1e-48ec-9db4-3e6c7155334c}" />
      </MissingDependency>
      <MissingDependency>
        <Required key="0" type="1" schemaName="incident" displayName="Case" solution="msdynce_Service (9.0.2.18)" />
        <Dependent key="51" type="10" schemaName="sav_sav_workflowtemplatetransit_incident_currentworkflowstep" displayName="sav_sav_workflowtemplatetransit_incident_currentworkflowstep" parentSchemaName="incident" parentDisplayName="Case" />
      </MissingDependency>
      <MissingDependency>
        <Required key="0" type="1" schemaName="incident" displayName="Case" solution="msdynce_Service (9.0.2.18)" />
        <Dependent key="52" type="10" schemaName="sav_sav_workflowtemplate_incident_workflowtemplate" displayName="sav_sav_workflowtemplate_incident_workflowtemplate" parentSchemaName="incident" parentDisplayName="Case" />
      </MissingDependency>
      <MissingDependency>
        <Required key="0" type="1" schemaName="incident" displayName="Case" solution="msdynce_Service (9.0.2.18)" />
        <Dependent key="16" type="10" schemaName="sav_incident_sav_workflowtemplatetransithistory_case" displayName="sav_incident_sav_workflowtemplatetransithistory_case" parentSchemaName="sav_workflowtemplatetransithistory" parentDisplayName="Workflow Template Transit History" />
      </MissingDependency>
      <MissingDependency>
        <Required key="53" type="26" schemaName="Contract Line With Allotments" displayName="Contract Line With Allotments" parentSchemaName="contractdetail" parentDisplayName="Contract Line" solution="msdynce_Service (9.0.2.18)" id="{8fa2705c-7e4c-4c0e-b611-4593b35a4c9e}" />
        <Dependent key="2" type="60" displayName="Case" parentDisplayName="Case" id="{4a63c8d1-6c1e-48ec-9db4-3e6c7155334c}" />
      </MissingDependency>
      <MissingDependency>
        <Required key="54" type="26" schemaName="Associated Knowledge Records View" displayName="Associated Knowledge Records View" parentSchemaName="knowledgearticleincident" parentDisplayName="Knowledge Article Incident" solution="msdynce_Service (9.0.2.18)" id="{4ce7d553-9bba-4d8f-b209-899af9d3937c}" />
        <Dependent key="2" type="60" displayName="Case" parentDisplayName="Case" id="{4a63c8d1-6c1e-48ec-9db4-3e6c7155334c}" />
      </MissingDependency>
      <MissingDependency>
        <Required key="55" type="26" schemaName="Associated Cases" displayName="Associated Cases" parentSchemaName="incident" parentDisplayName="Case" solution="msdynce_Service (9.0.2.18)" id="{72210bbb-d9d5-42df-8efd-39395a3cd7a7}" />
        <Dependent key="2" type="60" displayName="Case" parentDisplayName="Case" id="{4a63c8d1-6c1e-48ec-9db4-3e6c7155334c}" />
      </MissingDependency>
      <MissingDependency>
        <Required key="56" type="26" schemaName="Valid Entitlements for Cases" displayName="Valid Entitlements for Cases" parentSchemaName="entitlement" parentDisplayName="Entitlement" solution="msdynce_Service (9.0.2.18)" id="{e7ea283b-0490-4956-939b-3325e0798fb8}" />
        <Dependent key="2" type="60" displayName="Case" parentDisplayName="Case" id="{4a63c8d1-6c1e-48ec-9db4-3e6c7155334c}" />
      </MissingDependency>
      <MissingDependency>
        <Required key="57" type="26" schemaName="Active Products Lookup View" displayName="Active Products Lookup View" parentSchemaName="product" parentDisplayName="Product" solution="msdynce_ProductManagement (9.0.2.18)" id="{58afc3c5-8add-4552-98cb-473bc8f75619}" />
        <Dependent key="2" type="60" displayName="Case" parentDisplayName="Case" id="{4a63c8d1-6c1e-48ec-9db4-3e6c7155334c}" />
      </MissingDependency>
      <MissingDependency>
        <Required key="58" type="26" schemaName="Active Contracts" displayName="Active Contracts" parentSchemaName="contract" parentDisplayName="Contract" solution="msdynce_Service (9.0.2.18)" id="{646de3ee-ebfb-4d19-8a44-4a619505e188}" />
        <Dependent key="2" type="60" displayName="Case" parentDisplayName="Case" id="{4a63c8d1-6c1e-48ec-9db4-3e6c7155334c}" />
      </MissingDependency>
      <MissingDependency>
        <Required key="59" type="60" displayName="account card" parentDisplayName="Account" solution="msdynce_AppCommon (9.0.2.18)" id="{b028db32-3619-48a5-ac51-cf3f947b0ef3}" />
        <Dependent key="2" type="60" displayName="Case" parentDisplayName="Case" id="{4a63c8d1-6c1e-48ec-9db4-3e6c7155334c}" />
      </MissingDependency>
      <MissingDependency>
        <Required key="60" type="60" displayName="contact card" parentDisplayName="Contact" solution="msdynce_AppCommon (9.0.2.18)" id="{707fc57b-c5e6-471b-a180-e37ed28a38e2}" />
        <Dependent key="2" type="60" displayName="Case" parentDisplayName="Case" id="{4a63c8d1-6c1e-48ec-9db4-3e6c7155334c}" />
      </MissingDependency>
      <MissingDependency>
        <Required key="61" type="60" displayName="First Response SLA" parentDisplayName="SLA KPI Instance" solution="msdynce_ServiceLevelAgreement (1.0.0.0)" id="{ede9dac3-e143-4be4-acc8-237309e31210}" />
        <Dependent key="2" type="60" displayName="Case" parentDisplayName="Case" id="{4a63c8d1-6c1e-48ec-9db4-3e6c7155334c}" />
      </MissingDependency>
      <MissingDependency>
        <Required key="62" type="60" displayName="Resolve By SLA" parentDisplayName="SLA KPI Instance" solution="msdynce_ServiceLevelAgreement (1.0.0.0)" id="{19b14c51-3d43-4d56-ab34-49c540bf468c}" />
        <Dependent key="2" type="60" displayName="Case" parentDisplayName="Case" id="{4a63c8d1-6c1e-48ec-9db4-3e6c7155334c}" />
      </MissingDependency>
      <MissingDependency>
        <Required key="2" type="60" displayName="Case" parentDisplayName="Case" solution="msdynce_Service (9.0.2.18)" id="{4a63c8d1-6c1e-48ec-9db4-3e6c7155334c}" />
        <Dependent key="2" type="60" displayName="Case" parentDisplayName="Case" id="{4a63c8d1-6c1e-48ec-9db4-3e6c7155334c}" />
      </MissingDependency>
      <MissingDependency>
        <Required key="63" type="61" schemaName="msdyn_/Utils/head.js" displayName="msdyn_/Utils/head.js" solution="FieldService (7.1.0.33)" />
        <Dependent key="2" type="60" displayName="Case" parentDisplayName="Case" id="{4a63c8d1-6c1e-48ec-9db4-3e6c7155334c}" />
      </MissingDependency>
      <MissingDependency>
        <Required key="64" type="61" schemaName="msdyn_/Resource/img/Find_Resources_16.png" displayName="msdyn_/Resource/img/Find_Resources_16.png" solution="ProjectService (2.1.0.30)" />
        <Dependent key="2" type="60" displayName="Case" parentDisplayName="Case" id="{4a63c8d1-6c1e-48ec-9db4-3e6c7155334c}" />
      </MissingDependency>
      <MissingDependency>
        <Required key="65" type="61" schemaName="msdyn_/Case/Case.Library.js" displayName="msdyn_/Case/Case.Library.js" solution="FieldService (7.1.0.33)" />
        <Dependent key="2" type="60" displayName="Case" parentDisplayName="Case" id="{4a63c8d1-6c1e-48ec-9db4-3e6c7155334c}" />
      </MissingDependency>
    </MissingDependencies>
  </SolutionManifest>
</ImportExportXml>